{
  "test_name": "demo_vision_optimization",
  "variant_a_name": "Baseline_v1",
  "variant_b_name": "Optimized_v2",
  "total_tests": 3,
  "variant_a_metrics": {
    "total_tests": 3,
    "execution_time": {
      "mean": 0.5000874996185303,
      "median": 0.5000894069671631,
      "min": 0.5000805854797363,
      "max": 0.5000925064086914
    },
    "accuracy": {
      "mean": 0.7348997722281879,
      "median": 0.7353693998898876,
      "min": 0.7006639250905924,
      "max": 0.7686659917040837,
      "stdev": 0.0340034656841314
    },
    "f1_score": {
      "mean": 0.8489212742517761,
      "median": 0.845538138614983,
      "min": 0.8241412838392765,
      "max": 0.8770844003010688,
      "stdev": 0.02663320484328595
    },
    "exact_match": {
      "mean": 0.8398941755963446,
      "median": 0.8017786192819533,
      "min": 0.7893018100833298,
      "max": 0.9286020974237508,
      "stdev": 0.07707619112376803
    }
  },
  "variant_b_metrics": {
    "total_tests": 3,
    "execution_time": {
      "mean": 0.5000840822855631,
      "median": 0.5000829696655273,
      "min": 0.5000803470611572,
      "max": 0.5000889301300049
    },
    "accuracy": {
      "mean": 0.7153258979907962,
      "median": 0.7165929116994645,
      "min": 0.7051244517537564,
      "max": 0.7242603305191675,
      "stdev": 0.009630651942344984
    },
    "f1_score": {
      "mean": 0.8646206054418668,
      "median": 0.8705704511649252,
      "min": 0.848089700429683,
      "max": 0.8752016647309924,
      "stdev": 0.014502246383406078
    },
    "exact_match": {
      "mean": 0.8512971018542497,
      "median": 0.8448492851833095,
      "min": 0.8042964428116705,
      "max": 0.904745577567769,
      "stdev": 0.05053402737936835
    }
  },
  "winner": "Variant B",
  "confidence": 0.5,
  "recommendations": [
    "🎉 Рекомендуется внедрить Optimized_v2 - показывает улучшение по сравнению с baseline",
    "📈 Ожидаемое улучшение качества после внедрения"
  ],
  "timestamp": "2025-11-22T20:23:26.369801"
}